insert into Ville (nom, pays, codePostal) values ('1BHF7NS4J6FLKN2LQV1E', 'IMFB8JF671UG2YBY53S6', 'S8533E8 B5HQPL8QOSMY');

insert into Ville (nom, pays, codePostal) values ('51QI5 HKD9AOUJNKSXWD', 'E96CI6N0C6L2HWJ34MM6', '9S420L UKT4LYXY4E0V2');

insert into Ville (nom, pays, codePostal) values ('DE2H5RSFRPJ53E4H HFF', 'J2A CURVRDA6N9C7DY W', 'WTD KCB6OGJPGO 9Y1WO');

insert into Ville (nom, pays, codePostal) values ('ERM319HHT9ODM1GDT49E', '1NU3OJ8A3BOX14COVHCA', 'BX2IENHI R0U68N3IXPD');

insert into Ville (nom, pays, codePostal) values ('J43LIXBYOAYUKEUBJXTU', 'JGDVBK16WUYF4EYJAVV8', 'DSTX56KMTOKL5YR1MWIA');

insert into Ville (nom, pays, codePostal) values ('NWI5LGMGCL6LXO5MVCJG', '7IXROH4  W BRYQ50EEN', '0FKMFPNGKJ1P27LOH8DP');

insert into Ville (nom, pays, codePostal) values ('WF8PFUYH7AOU0WJPGCRE', 'K42JKOD2PTVKIYAP85Y8', '373HKQV9OYEHJ3Q8EBAJ');

insert into Ville (nom, pays, codePostal) values ('YUV7P9AO63PJD9HHVOPQ', '34TV2ACA4VB64X6S Y12', 'MO3YHVK1F 4MP36BWCBU');

insert into Ville (nom, pays, codePostal) values ('RC9503E4BP7G89FDM2BQ', ' EBE2L2CDEC60YNV 5C5', 'XW77L0R2706SI3UJPQ33');

insert into Ville (nom, pays, codePostal) values ('PDCQLD6485EAUFV075KF', 'FUB95OE8DGK 20EBC938', 'YXP10NB2H93V5KOL T30');

insert into Ville (nom, pays, codePostal) values ('7QGA90GB8I4986PN1NV6', 'MQV7X1W8WK2141PH60WI', 'CEIR0UED8J80VR53PXJR');

insert into Ville (nom, pays, codePostal) values ('6D2E0326JE2S 078E3CB', '6678U8JDAIYWI D7IRNY', 'H4F2MK4SKEDJTY8XP81X');

insert into Ville (nom, pays, codePostal) values ('1BRCXDOX1ABOW7CBR8F ', '5RXWSVAHOW3Q8VXC2 8A', 'YTPYYJMIXSLH WMMVCLY');

insert into Ville (nom, pays, codePostal) values ('E2KCHB83H92NHIIIBGQ7', '4OU1D9SJQ9N0 BK3GLNV', '47J6JME6ESTGX1F 5F6S');

insert into Ville (nom, pays, codePostal) values ('WQD5W9LAF T8I4F8FRJ6', 'XLGLP39THG67MWNAIY85', 'WOK4GOCWJGL2UJUQDKCK');

insert into Ville (nom, pays, codePostal) values ('S19LVDPVDT48RP4R40QP', '3IAHJ0PLI8YB7MPAA7G8', 'Y8I V0KAUAMNP0FG1ILT');

insert into Ville (nom, pays, codePostal) values ('AS5A1APPFP8DYR8HFHX1', 'N38UV3VA5OXKD7OEV CV', 'CPGO37FINUBTULPOTU24');

insert into Ville (nom, pays, codePostal) values ('HLNNQ8R3WNGWICL1L31 ', 'RL3IORNK0BD41PDGEYPT', '74690M5AO63KSV0WFR0F');

insert into Ville (nom, pays, codePostal) values ('1TL30HXRBNT6EPTARLNC', 'DGCQTWHVWMHXH8I7C4BP', 'U95R199XNU FTI7SJNEY');

insert into Ville (nom, pays, codePostal) values ('14098NEX4URCN018F4 R', 'BCL549SS5X K6F 64U41', 'TRXAK7PODXJYVDB5D0BQ');

insert into CompagnieAerinne (numCompagnie, nom) values (7, 'F60OBR0IF8DDCC F5TQI');

insert into CompagnieAerinne (numCompagnie, nom) values (0, 'NGPDOO4C BN6KM63G6HT');

insert into CompagnieAerinne (numCompagnie, nom) values (9, '3XQ100USCDW4U70JHR0C');

insert into CompagnieAerinne (numCompagnie, nom) values (1, 'VRW14CYMQ5VN MBEBM3W');

insert into CompagnieAerinne (numCompagnie, nom) values (5, 'FX2O3MJIBHT3T0OFV9S0');

insert into CompagnieAerinne (numCompagnie, nom) values (3, '2XL6UAGTD816DSKIXLR7');

insert into CompagnieAerinne (numCompagnie, nom) values (17, 'NP60V8T011W0D353SO1R');

insert into CompagnieAerinne (numCompagnie, nom) values (10, '433KK1EVMDA3C2DI SD0');

insert into CompagnieAerinne (numCompagnie, nom) values (18, '661HGI8NGCQMHQUKTK63');

insert into CompagnieAerinne (numCompagnie, nom) values (13, 'GFT5N2A2 EG69XP90CNK');

insert into CompagnieAerinne (numCompagnie, nom) values (12, 'RNRX9016B07LKKAX8WK6');

insert into CompagnieAerinne (numCompagnie, nom) values (11, 'N2FTRC08N D54O0661LY');

insert into CompagnieAerinne (numCompagnie, nom) values (19, 'OSFP1TRH8JEDN RPF8RB');

insert into CompagnieAerinne (numCompagnie, nom) values (8, 'W5L8BB3WT7K W5HWUKGD');

insert into CompagnieAerinne (numCompagnie, nom) values (15, '3SP8JR37H8CE5UK5IA7P');

insert into CompagnieAerinne (numCompagnie, nom) values (6, 'R74VE1LLUFRQQ81BS677');

insert into CompagnieAerinne (numCompagnie, nom) values (4, 'LOWJR9RSB 96D PR0APB');

insert into CompagnieAerinne (numCompagnie, nom) values (2, 'TA77F7M9SB13QS5O 1SL');

insert into CompagnieAerinne (numCompagnie, nom) values (14, 'RORX1SRB FDKGCG WUAP');

insert into CompagnieAerinne (numCompagnie, nom) values (16, 'UMPTCHIVWXFG8EWO 51R');

insert into Aeroport (numAeroport, nom) values (0, '7L 2SAQ7XK6LNT1GKR 5');

insert into Aeroport (numAeroport, nom) values (2, '7Q2UI0FM69NI6NX881E3');

insert into Aeroport (numAeroport, nom) values (12, 'MFW2PKG74GQMNSU4WAMN');

insert into Aeroport (numAeroport, nom) values (18, 'NMROY31X8R2322KAXNO0');

insert into Aeroport (numAeroport, nom) values (16, '61ORAIF7VQGW4ND5RA4C');

insert into Aeroport (numAeroport, nom) values (10, 'JB2L1 030J1XH06D1FAF');

insert into Aeroport (numAeroport, nom) values (14, '721BVT7T0JAFKH00EDUF');

insert into Aeroport (numAeroport, nom) values (11, 'T3VW2E6 DRF87Q8W1 BP');

insert into Aeroport (numAeroport, nom) values (5, 'C150CPX4S8IJTI5NR74H');

insert into Aeroport (numAeroport, nom) values (15, ' QDD2MO0R HPIVR6QM55');

insert into Aeroport (numAeroport, nom) values (4, 'S4MLUF127LM8WDBKRW5L');

insert into Aeroport (numAeroport, nom) values (6, 'KE7O3DBN0NPDVT474EA0');

insert into Aeroport (numAeroport, nom) values (9, '02H5NH2L9 L1GMKIN75L');

insert into Aeroport (numAeroport, nom) values (17, 'VY72FE NDMDENEMQ3O38');

insert into Aeroport (numAeroport, nom) values (1, 'EL4BRUC5N8RQEK KR8EK');

insert into Aeroport (numAeroport, nom) values (3, 'M7D6JN3XIBJCXQXW8XYJ');

insert into Aeroport (numAeroport, nom) values (13, 'FPVB27063XOABY2DY579');

insert into Aeroport (numAeroport, nom) values (8, 'NJ8RHOHV3OIP9293UFWB');

insert into Aeroport (numAeroport, nom) values (19, 'HGBKEHVY5HBSKALEO0BQ');

insert into Aeroport (numAeroport, nom) values (7, 'WJQNA2XF KXE  YQ47T ');

insert into Personne (numPersonne, Vil_nom, nom, prenom, adresse, email) values (0, 'J43LIXBYOAYUKEUBJXTU', 'SN0XA C5O3D1KVETP8OE', 'O2FE8L55NWWVY7T PAR1', 'S25GHT7 AEH5I8X 7UX0', 'PB6737QT RXBKWV70X2T');

insert into Personne (numPersonne, Vil_nom, nom, prenom, adresse, email) values (10, 'PDCQLD6485EAUFV075KF', 'HSVGOCJP81OT9DQUVVEV', 'RD5Q5KI2 GR0DDPODH 1', 'UDBNIU7G27DBO16UXNC2', '54NN492KQPNVGBCKGPRY');

insert into Personne (numPersonne, Vil_nom, nom, prenom, adresse, email) values (4, 'DE2H5RSFRPJ53E4H HFF', '6O9HWJV07PQ1G2CJ1MY7', 'C6OS6C 2VP18AQI8ALQD', 'SSYIIJ0XGJIURGRW9CWI', '922OJ9NDNA2 4ON66ATS');

insert into Personne (numPersonne, Vil_nom, nom, prenom, adresse, email) values (9, '1BHF7NS4J6FLKN2LQV1E', '73KBA5N83LGUPYRAHQPW', 'UEBGW9Q7AI282M9CD02Y', 'W31EWP7X7ELKTBYKL 7W', 'CMECUJH6F8V2WFDE6MEG');

insert into Personne (numPersonne, Vil_nom, nom, prenom, adresse, email) values (12, '1TL30HXRBNT6EPTARLNC', 'I IGBK4G700ORAL131G7', 'Q9Y6MBH4WJ69DY7ICUDK', 'O1BRUM9V8YUBA1RRYNRF', '4D2H1F 5US521DC4ICO4');

insert into Personne (numPersonne, Vil_nom, nom, prenom, adresse, email) values (1, 'NWI5LGMGCL6LXO5MVCJG', 'F7LUB54TB0GAKARCFC4J', 'GFDYBWV7O4HQJI71PI4C', '9E L9H6L7JT5E2GU7PO6', '11OKW811XU001QPP4 1H');

insert into Personne (numPersonne, Vil_nom, nom, prenom, adresse, email) values (6, '6D2E0326JE2S 078E3CB', 'J8SCS4M3RO1SB82RCE3U', '70BGM5GI518CB8300JA4', 'TUPXAV7ODRHNHW8B 5DD', 'KQFR0MPSYF4 P3GW33FP');

insert into Personne (numPersonne, Vil_nom, nom, prenom, adresse, email) values (3, 'WF8PFUYH7AOU0WJPGCRE', '7EHD2ND20Y02AKOA8WU7', '3YSU R4WC OHUBBRLE78', '70T 0O4NE9KI9GFXH9OF', 'PF2MT7RH0PY5NF1SVTDX');

insert into Personne (numPersonne, Vil_nom, nom, prenom, adresse, email) values (11, 'ERM319HHT9ODM1GDT49E', 'GSF1O5UW35PRALSDNHJG', '5IG95BJPJR0XIYQF21SX', 'G45GMSPVNCJ9SVXOU5Q8', 'LQ7Y974LAW43UQPXUV67');

insert into Personne (numPersonne, Vil_nom, nom, prenom, adresse, email) values (19, 'S19LVDPVDT48RP4R40QP', 'PO1DRM74IT329FVLW5LO', 'DPJMVM0X5BR0MQXX765U', 'FN2JQJ0DTM5CJ8Q7UVFH', 'PRF6BDNIM7X8TJGNWW85');

insert into Personne (numPersonne, Vil_nom, nom, prenom, adresse, email) values (5, 'PDCQLD6485EAUFV075KF', 'Q41H442HUFIXKM7V162 ', 'LK7DSY71A8VCFW9BOUUT', 'VIT5MHDK50S9O020B3QY', '6VRC WUKG42VN4XKQE W');

insert into Personne (numPersonne, Vil_nom, nom, prenom, adresse, email) values (13, 'WF8PFUYH7AOU0WJPGCRE', 'DRVG5VONP7JFDADDQBL0', '0UKO8 52LRLTBUOBN 7T', 'M69RRSEQPO0E98HDRX52', 'NTHCTCIBAJ23CG87BU08');

insert into Personne (numPersonne, Vil_nom, nom, prenom, adresse, email) values (15, 'E2KCHB83H92NHIIIBGQ7', '3FQF2O4X6F5L FC40OEW', 'HYQC33KQ5Q 8X6AN28AF', '2SUY7EIYCFV8QU2A962O', 'UMPXOIHFYN GTGYXQY9O');

insert into Personne (numPersonne, Vil_nom, nom, prenom, adresse, email) values (2, 'DE2H5RSFRPJ53E4H HFF', '93OLYW4GGAE9QOTE1I20', 'C7MJA4VNOG E MB7U29I', 'IM7A9M1DIYK1 8RWFITL', 'G8G2AEHVA9CN1BIC2FSU');

insert into Personne (numPersonne, Vil_nom, nom, prenom, adresse, email) values (14, '1BHF7NS4J6FLKN2LQV1E', '5RG6 BBYNPPJ5EKMFKX5', 'JP74FUNUKB7SEX7EGTW9', '3B4ODLQOIR2TSOJBHB9N', 'WHR5BOTSOGO VV MEQQ5');

insert into Personne (numPersonne, Vil_nom, nom, prenom, adresse, email) values (16, 'NWI5LGMGCL6LXO5MVCJG', '4U3J0QHURJXJRW4GBN9Q', 'GXV GGC63WFWI3XE1KMP', 'H7XK1OJMV8UJGVYF1BOC', 'WLPJ5F0OE59XGLHJRV8M');

insert into Personne (numPersonne, Vil_nom, nom, prenom, adresse, email) values (17, '1TL30HXRBNT6EPTARLNC', 'S4FDCEI0K2HIXO072BOA', 'OUBXLNEE63J3FDDBYF2M', 'TR9WJMEDQGCFFXWK99XA', '061VV81N0FVSNWA37RDJ');

insert into Personne (numPersonne, Vil_nom, nom, prenom, adresse, email) values (8, 'RC9503E4BP7G89FDM2BQ', 'X C2SRHQFJAC0BJN79D8', '4 6K3WAY5G98N5UPOEH ', 'E1CRR98175YC4H09VADX', '7GUW6IYXN2VJHPAR7258');

insert into Personne (numPersonne, Vil_nom, nom, prenom, adresse, email) values (7, '1BHF7NS4J6FLKN2LQV1E', '3KP3H71P0IGSLVI2WN0T', '7U83YY6M0BHV5WWST 1U', 'UV95F1T2KHSIC8S8BV0Q', 'P40L2K6RWF3IRCV90IU8');

insert into Personne (numPersonne, Vil_nom, nom, prenom, adresse, email) values (18, 'PDCQLD6485EAUFV075KF', '3Q7QU167ITRVMFNYRNUF', 'KWBAFC0LX5G3OMMNO9QI', 'MX8UBKOTCEPIKJ4O0AR9', '6KSFJ2K6BX7M50TLFQK6');

insert into dessrvir (numAeroport, nom) values (0, '1BHF7NS4J6FLKN2LQV1E');

insert into dessrvir (numAeroport, nom) values (2, '51QI5 HKD9AOUJNKSXWD');

insert into dessrvir (numAeroport, nom) values (12, 'DE2H5RSFRPJ53E4H HFF');

insert into dessrvir (numAeroport, nom) values (18, 'ERM319HHT9ODM1GDT49E');

insert into dessrvir (numAeroport, nom) values (16, 'J43LIXBYOAYUKEUBJXTU');

insert into dessrvir (numAeroport, nom) values (10, 'NWI5LGMGCL6LXO5MVCJG');

insert into dessrvir (numAeroport, nom) values (14, 'WF8PFUYH7AOU0WJPGCRE');

insert into dessrvir (numAeroport, nom) values (11, 'YUV7P9AO63PJD9HHVOPQ');

insert into dessrvir (numAeroport, nom) values (5, 'RC9503E4BP7G89FDM2BQ');

insert into dessrvir (numAeroport, nom) values (15, 'PDCQLD6485EAUFV075KF');

insert into dessrvir (numAeroport, nom) values (4, '7QGA90GB8I4986PN1NV6');

insert into dessrvir (numAeroport, nom) values (6, '6D2E0326JE2S 078E3CB');

insert into dessrvir (numAeroport, nom) values (9, '1BRCXDOX1ABOW7CBR8F ');

insert into dessrvir (numAeroport, nom) values (17, 'E2KCHB83H92NHIIIBGQ7');

insert into dessrvir (numAeroport, nom) values (1, 'WQD5W9LAF T8I4F8FRJ6');

insert into dessrvir (numAeroport, nom) values (3, 'S19LVDPVDT48RP4R40QP');

insert into dessrvir (numAeroport, nom) values (13, 'AS5A1APPFP8DYR8HFHX1');

insert into dessrvir (numAeroport, nom) values (8, 'HLNNQ8R3WNGWICL1L31 ');

insert into dessrvir (numAeroport, nom) values (19, '1TL30HXRBNT6EPTARLNC');

insert into dessrvir (numAeroport, nom) values (7, '14098NEX4URCN018F4 R');

insert into Client (numPersonne, codeClient) values (0, 3);

insert into Client (numPersonne, codeClient) values (10, 7);

insert into Client (numPersonne, codeClient) values (4, 12);

insert into Client (numPersonne, codeClient) values (9, 15);

insert into Client (numPersonne, codeClient) values (12, 14);

insert into Client (numPersonne, codeClient) values (1, 1);

insert into Client (numPersonne, codeClient) values (6, 11);

insert into Client (numPersonne, codeClient) values (3, 17);

insert into Client (numPersonne, codeClient) values (11, 0);

insert into Client (numPersonne, codeClient) values (19, 9);

insert into Client (numPersonne, codeClient) values (5, 8);

insert into Client (numPersonne, codeClient) values (13, 16);

insert into Client (numPersonne, codeClient) values (15, 18);

insert into Client (numPersonne, codeClient) values (2, 5);

insert into Client (numPersonne, codeClient) values (14, 13);

insert into Client (numPersonne, codeClient) values (16, 10);

insert into Client (numPersonne, codeClient) values (17, 6);

insert into Client (numPersonne, codeClient) values (8, 2);

insert into Client (numPersonne, codeClient) values (7, 19);

insert into Client (numPersonne, codeClient) values (18, 4);

insert into Passager (numPersonne, numPassport) values (0, 1);

insert into Passager (numPersonne, numPassport) values (10, 14);

insert into Passager (numPersonne, numPassport) values (4, 0);

insert into Passager (numPersonne, numPassport) values (9, 17);

insert into Passager (numPersonne, numPassport) values (12, 16);

insert into Passager (numPersonne, numPassport) values (1, 13);

insert into Passager (numPersonne, numPassport) values (6, 3);

insert into Passager (numPersonne, numPassport) values (3, 10);

insert into Passager (numPersonne, numPassport) values (11, 11);

insert into Passager (numPersonne, numPassport) values (19, 4);

insert into Passager (numPersonne, numPassport) values (5, 18);

insert into Passager (numPersonne, numPassport) values (13, 19);

insert into Passager (numPersonne, numPassport) values (15, 5);

insert into Passager (numPersonne, numPassport) values (2, 7);

insert into Passager (numPersonne, numPassport) values (14, 2);

insert into Passager (numPersonne, numPassport) values (16, 9);

insert into Passager (numPersonne, numPassport) values (17, 8);

insert into Passager (numPersonne, numPassport) values (8, 6);

insert into Passager (numPersonne, numPassport) values (7, 15);

insert into Passager (numPersonne, numPassport) values (18, 12);

insert into Vol (numVol, numAeroport, Aer_numAeroport, numCompagnie, dateDepart, heureDepart, dateArrivee, heureArrivee, nbPlaceDisponible) values (6, 5, 9, 7, '137-10-18 0:48:16', '1304-12-8 10:44:21', '1559-12-1 11:1:3', '1207-1-26 10:14:13', 9);

insert into Vol (numVol, numAeroport, Aer_numAeroport, numCompagnie, dateDepart, heureDepart, dateArrivee, heureArrivee, nbPlaceDisponible) values (15, 17, 14, 11, '976-9-19 6:26:5', '145-1-30 1:25:15', '1217-2-8 9:9:33', '1023-9-8 8:47:26', 4);

insert into Vol (numVol, numAeroport, Aer_numAeroport, numCompagnie, dateDepart, heureDepart, dateArrivee, heureArrivee, nbPlaceDisponible) values (17, 17, 3, 2, '476-7-27 2:49:59', '1482-9-12 12:13:17', '364-2-26 2:51:39', '835-7-19 6:17:39', 2);

insert into Vol (numVol, numAeroport, Aer_numAeroport, numCompagnie, dateDepart, heureDepart, dateArrivee, heureArrivee, nbPlaceDisponible) values (5, 18, 16, 4, '611-1-1 3:48:21', '1806-11-9 14:8:19', '311-8-8 2:7:41', '488-1-26 3:47:37', 15);

insert into Vol (numVol, numAeroport, Aer_numAeroport, numCompagnie, dateDepart, heureDepart, dateArrivee, heureArrivee, nbPlaceDisponible) values (4, 3, 2, 3, '1148-6-9 7:54:54', '669-2-27 5:59:47', '1748-11-12 12:54:22', '705-1-27 5:48:18', 16);

insert into Vol (numVol, numAeroport, Aer_numAeroport, numCompagnie, dateDepart, heureDepart, dateArrivee, heureArrivee, nbPlaceDisponible) values (7, 15, 0, 5, '1785-11-14 11:13:2', '827-2-1 7:41:2', '1801-2-13 13:31:44', '1302-9-14 10:40:26', 8);

insert into Vol (numVol, numAeroport, Aer_numAeroport, numCompagnie, dateDepart, heureDepart, dateArrivee, heureArrivee, nbPlaceDisponible) values (10, 0, 3, 18, '262-8-25 1:23:12', '878-2-8 8:45:27', '1-1-1 0:0:0', '1483-7-26 12:38:52', 11);

insert into Vol (numVol, numAeroport, Aer_numAeroport, numCompagnie, dateDepart, heureDepart, dateArrivee, heureArrivee, nbPlaceDisponible) values (1, 9, 3, 17, '879-2-27 5:40:8', '412-9-24 3:40:6', '913-8-13 6:58:22', '225-5-20 1:57:20', 7);

insert into Vol (numVol, numAeroport, Aer_numAeroport, numCompagnie, dateDepart, heureDepart, dateArrivee, heureArrivee, nbPlaceDisponible) values (12, 18, 0, 8, '1-1-1 0:0:0', '1-1-1 0:0:0', '96-2-1 0:59:38', '82-12-29 0:35:43', 13);

insert into Vol (numVol, numAeroport, Aer_numAeroport, numCompagnie, dateDepart, heureDepart, dateArrivee, heureArrivee, nbPlaceDisponible) values (16, 11, 17, 17, '791-4-4 5:15:32', '50-7-26 0:32:11', '437-6-11 3:56:42', '1554-10-19 13:2:35', 1);

insert into Vol (numVol, numAeroport, Aer_numAeroport, numCompagnie, dateDepart, heureDepart, dateArrivee, heureArrivee, nbPlaceDisponible) values (8, 12, 0, 10, '1311-5-13 9:3:40', '1020-4-7 9:22:15', '1364-1-30 9:53:44', '1607-5-27 13:48:6', 10);

insert into Vol (numVol, numAeroport, Aer_numAeroport, numCompagnie, dateDepart, heureDepart, dateArrivee, heureArrivee, nbPlaceDisponible) values (18, 2, 1, 12, '1639-6-25 10:48:45', '363-3-2 2:55:24', '1437-8-18 10:37:30', '1394-8-22 11:49:11', 14);

insert into Vol (numVol, numAeroport, Aer_numAeroport, numCompagnie, dateDepart, heureDepart, dateArrivee, heureArrivee, nbPlaceDisponible) values (11, 0, 3, 11, '1228-4-29 8:34:41', '1586-6-3 12:51:36', '1145-11-26 8:34:26', '568-10-1 4:41:34', 0);

insert into Vol (numVol, numAeroport, Aer_numAeroport, numCompagnie, dateDepart, heureDepart, dateArrivee, heureArrivee, nbPlaceDisponible) values (3, 3, 9, 17, '1049-10-12 7:21:59', '740-11-16 6:38:9', '833-4-26 6:35:41', '903-7-18 7:26:13', 12);

insert into Vol (numVol, numAeroport, Aer_numAeroport, numCompagnie, dateDepart, heureDepart, dateArrivee, heureArrivee, nbPlaceDisponible) values (0, 15, 12, 9, '741-4-3 4:13:55', '223-6-30 2:31:43', '1883-9-12 14:40:13', '956-1-16 8:5:0', 19);

insert into Vol (numVol, numAeroport, Aer_numAeroport, numCompagnie, dateDepart, heureDepart, dateArrivee, heureArrivee, nbPlaceDisponible) values (13, 6, 3, 4, '346-9-17 2:25:3', '1166-9-23 10:9:6', '692-6-29 5:33:24', '157-8-16 1:30:44', 3);

insert into Vol (numVol, numAeroport, Aer_numAeroport, numCompagnie, dateDepart, heureDepart, dateArrivee, heureArrivee, nbPlaceDisponible) values (14, 6, 3, 0, '1503-10-2 10:8:8', '549-7-22 4:30:54', '1692-8-5 11:59:15', '307-6-4 2:26:27', 5);

insert into Vol (numVol, numAeroport, Aer_numAeroport, numCompagnie, dateDepart, heureDepart, dateArrivee, heureArrivee, nbPlaceDisponible) values (2, 13, 19, 6, '1840-4-2 12:15:59', '1405-1-5 11:36:1', '1012-8-6 7:44:59', '1143-8-13 9:37:18', 6);

insert into Vol (numVol, numAeroport, Aer_numAeroport, numCompagnie, dateDepart, heureDepart, dateArrivee, heureArrivee, nbPlaceDisponible) values (19, 2, 4, 10, '1420-12-22 9:34:47', '1707-3-14 13:24:55', '180-3-31 1:44:2', '407-9-6 3:0:1', 18);

insert into Vol (numVol, numAeroport, Aer_numAeroport, numCompagnie, dateDepart, heureDepart, dateArrivee, heureArrivee, nbPlaceDisponible) values (9, 6, 8, 18, '530-3-2 3:12:42', '610-5-3 5:15:47', '568-9-25 5:3:19', '1-1-1 0:0:0', 17);

insert into InfoEscale (numVol, numAeroport, heureArrivee, heureDepart) values (6, 0, '524-1-18 3:31:49', '450-9-28 3:48:21');

insert into InfoEscale (numVol, numAeroport, heureArrivee, heureDepart) values (15, 2, '365-4-14 2:36:38', '139-11-6 1:4:33');

insert into InfoEscale (numVol, numAeroport, heureArrivee, heureDepart) values (17, 12, '1330-2-9 9:9:43', '569-12-2 4:48:31');

insert into InfoEscale (numVol, numAeroport, heureArrivee, heureDepart) values (5, 18, '1062-4-15 7:3:22', '1060-9-26 8:1:50');

insert into InfoEscale (numVol, numAeroport, heureArrivee, heureDepart) values (4, 16, '1960-10-31 14:31:47', '1817-2-1 13:9:38');

insert into InfoEscale (numVol, numAeroport, heureArrivee, heureDepart) values (7, 10, '1132-11-1 7:37:18', '1719-8-21 12:24:2');

insert into InfoEscale (numVol, numAeroport, heureArrivee, heureDepart) values (10, 14, '808-8-27 5:43:16', '842-9-16 6:49:51');

insert into InfoEscale (numVol, numAeroport, heureArrivee, heureDepart) values (1, 11, '1421-1-20 10:9:34', '968-9-8 7:15:49');

insert into InfoEscale (numVol, numAeroport, heureArrivee, heureDepart) values (12, 5, '1625-1-3 11:33:53', '1407-7-11 10:55:56');

insert into InfoEscale (numVol, numAeroport, heureArrivee, heureDepart) values (16, 15, '1241-2-10 8:13:14', '1-1-1 0:0:0');

insert into InfoEscale (numVol, numAeroport, heureArrivee, heureDepart) values (8, 4, '1502-11-9 10:38:54', '1456-5-31 11:30:45');

insert into InfoEscale (numVol, numAeroport, heureArrivee, heureDepart) values (18, 6, '119-1-23 0:47:2', '244-5-28 1:53:53');

insert into InfoEscale (numVol, numAeroport, heureArrivee, heureDepart) values (11, 9, '606-11-30 4:21:44', '711-5-23 5:14:16');

insert into InfoEscale (numVol, numAeroport, heureArrivee, heureDepart) values (3, 17, '722-8-13 4:46:4', '298-1-28 2:23:1');

insert into InfoEscale (numVol, numAeroport, heureArrivee, heureDepart) values (0, 1, '264-7-5 1:40:15', '1602-10-1 12:1:36');

insert into InfoEscale (numVol, numAeroport, heureArrivee, heureDepart) values (13, 3, '441-10-24 2:59:53', '1151-1-7 8:29:28');

insert into InfoEscale (numVol, numAeroport, heureArrivee, heureDepart) values (14, 13, '1835-2-28 13:29:55', '785-4-25 5:41:11');

insert into InfoEscale (numVol, numAeroport, heureArrivee, heureDepart) values (2, 8, '939-1-30 6:35:49', '389-1-11 2:52:14');

insert into InfoEscale (numVol, numAeroport, heureArrivee, heureDepart) values (19, 19, '1740-7-6 12:24:14', '1352-10-10 10:0:22');

insert into InfoEscale (numVol, numAeroport, heureArrivee, heureDepart) values (9, 7, '1-1-1 0:0:0', '1280-9-3 9:26:33');

insert into Reservation (numReservation, numVol, numPersonne, Pas_numPersonne, date) values (0, 7, 1, 6, 18);

insert into Reservation (numReservation, numVol, numPersonne, Pas_numPersonne, date) values (3, 18, 19, 6, 9);

insert into Reservation (numReservation, numVol, numPersonne, Pas_numPersonne, date) values (5, 17, 19, 3, 16);

insert into Reservation (numReservation, numVol, numPersonne, Pas_numPersonne, date) values (7, 18, 2, 2, 15);

insert into Reservation (numReservation, numVol, numPersonne, Pas_numPersonne, date) values (6, 18, 15, 2, 7);

insert into Reservation (numReservation, numVol, numPersonne, Pas_numPersonne, date) values (13, 12, 14, 14, 1);

insert into Reservation (numReservation, numVol, numPersonne, Pas_numPersonne, date) values (15, 15, 11, 15, 14);

insert into Reservation (numReservation, numVol, numPersonne, Pas_numPersonne, date) values (9, 15, 8, 6, 3);

insert into Reservation (numReservation, numVol, numPersonne, Pas_numPersonne, date) values (19, 18, 6, 8, 5);

insert into Reservation (numReservation, numVol, numPersonne, Pas_numPersonne, date) values (11, 19, 10, 1, 13);

insert into Reservation (numReservation, numVol, numPersonne, Pas_numPersonne, date) values (10, 1, 12, 6, 19);

insert into Reservation (numReservation, numVol, numPersonne, Pas_numPersonne, date) values (4, 4, 1, 8, 8);

insert into Reservation (numReservation, numVol, numPersonne, Pas_numPersonne, date) values (16, 5, 8, 8, 2);

insert into Reservation (numReservation, numVol, numPersonne, Pas_numPersonne, date) values (1, 6, 9, 19, 12);

insert into Reservation (numReservation, numVol, numPersonne, Pas_numPersonne, date) values (14, 8, 19, 13, 10);

insert into Reservation (numReservation, numVol, numPersonne, Pas_numPersonne, date) values (17, 2, 10, 10, 0);

insert into Reservation (numReservation, numVol, numPersonne, Pas_numPersonne, date) values (18, 6, 5, 17, 17);

insert into Reservation (numReservation, numVol, numPersonne, Pas_numPersonne, date) values (8, 16, 8, 10, 6);

insert into Reservation (numReservation, numVol, numPersonne, Pas_numPersonne, date) values (12, 6, 13, 17, 11);

insert into Reservation (numReservation, numVol, numPersonne, Pas_numPersonne, date) values (2, 15, 17, 16, 4);

